name,birth,age,gender,address,trade_term,recept_balance
용복실,1989-12-04,54,F,서울시 은평구 신사1동,4,370526801
조임삼,1976-08-03,24,F,서울시 강서구 화곡1동,6,247742
황청군,1958-12-26,46,F,서울시 도봉구 창2동,17,471206
이익석,1951-08-02,62,M,서울시 금천구 양평2동,10,875126
김성염,1995-07-03,43,M,서울시 송파구 거여1동,3,268686
천긍팔,1967-08-11,54,M,서울시 성동구 응봉동,19,7185105
김야돈,1990-05-03,60,F,서울시 금천구 신길6동,17,521420
최제모,1992-07-18,33,M,서울시 금천구 독산3동,9,9130725
한국죽,1968-06-26,42,F,서울시 중랑구 면목5동,8,698761
정방활,1995-07-14,68,M,서울시 관악구 신원동,10,427329
이관섭,1967-05-25,47,M,서울시 양천구 신정3동,8,5123046
이슬증,1974-10-10,67,F,서울시 은평구 응암1동,3,441424
김내내,1994-01-01,56,M,서울시 금천구 당산1동,14,29146508
김달항,1968-11-09,30,F,서울시 강서구 발산1동,7,1937677
김려려,1990-12-17,50,F,서울시 성동구 마장동,17,481722
손노량,1955-03-04,42,M,서울시 도봉구 방학1동,7,653984
허필애,1980-04-28,66,M,서울시 관악구 신림동,4,661805
박낙아,1955-04-21,63,F,서울시 구로구 구로2동,16,221883
조일트,1955-10-10,27,M,서울시 동대문구 장안1동,19,23877522
정슬령,1955-03-04,67,F,서울시 은평구 응암1동,3,661805
김을낭,1961-08-07,54,F,서울시 용산구 한강로동,15,23038
이문별,1985-09-14,50,M,서울시 양천구 신정3동,4,5123046
윤스부,1966-05-28,46,F,서울시 강동구 명일1동,3,834600
배왕판,1949-05-02,58,M,서울시 송파구 삼전동,7,3445147
임관모,1956-05-22,32,M,서울시 성북구 정릉1동,8,4973848
김솔제,1964-08-10,23,F,서울시 양천구 신정3동,9,266501
정평립,1972-05-22,29,M,서울시 서대문구 홍3동,19,177987
이어량,1965-09-18,66,F,서울시 성북구 월곡2동,14,62972422
양제생,1961-05-07,52,F,서울시 용산구 이촌1동,7,8574873
김중륜,1980-11-27,47,F,서울시 마포구 서교동,14,925521
최심추,1961-05-22,49,M,서울시 관악구 신사동,8,604665
황재회,1967-01-06,36,F,서울시 동작구 대방동,6,11992801
이학억,1975-07-04,48,M,서울시 강동구 천호2동,1,17284463
고가향,1949-07-06,62,M,서울시 은평구 신사1동,9,9434886
강라돌,1972-11-30,60,F,서울시 강동구 암사1동,16,9066969
최산삼,1976-06-11,62,M,서울시 금천구 양평2동,9,7275786
이희오,1971-12-18,57,F,서울시 강동구 천호2동,12,492292229
김원혁,1960-05-20,53,M,서울시 은평구 갈현1동,4,647602
이온트,1965-05-29,32,F,서울시 강서구 화곡1동,13,850764
양갈길,1948-06-18,63,M,서울시 용산구 이촌1동,22,9112739
이하복,1957-08-27,32,F,서울시 강서구 화곡1동,3,16610469
윤판늠,1955-10-10,59,M,서울시 강서구 염창동,16,79751
장일본,1963-10-15,61,F,서울시 강남구 개포2동,9,19512419
박웅죽,1962-10-24,49,M,서울시 광진구 중곡2동,14,383800
황재회,1966-09-21,60,F,서울시 성북구 삼선동,10,19512419
신정국,1981-04-15,63,F,서울시 구로구 구로4동,8,210113
변위풍,1994-03-16,64,F,서울시 송파구 오금동,8,4709410
김환늘,1980-06-08,32,M,서울시 노원구 상계4동,14,533026
양시려,1994-07-24,64,F,서울시 송파구 오금동,12,598293
이경율,1965-07-06,29,M,서울시 서대문구 홍3동,3,7637614
김궁철,1994-07-24,40,F,서울시 강동구 암사2동,17,88139
이곤구,1991-03-14,53,F,서울시 금천구 대림2동,2,1814699
임운서,1975-12-12,29,F,서울시 종로구 숭인2동,4,5829565
김견환,1987-09-03,45,M,서울시 서초구 잠원동,3,268686
백막섭,1978-11-26,49,F,서울시 송파구 가락2동,9,579364
이시판,1970-12-10,71,F,서울시 금천구 여의동,8,761294
백막섭,1981-06-13,64,F,서울시 송파구 오금동,8,836106
우웅모,1992-08-07,42,F,서울시 은평구 갈현1동,4,19522585
최월군,1965-12-30,71,M,서울시 성북구 돈암2동,8,761294
정담남,1949-03-11,58,F,서울시 양천구 신정1동,5,804564
김탁해,1977-03-12,67,M,서울시 도봉구 창4동,4,815325
모노내,1949-04-13,62,F,서울시 강서구 화곡1동,8,206500
이국제,1965-07-06,51,F,서울시 도봉구 창1동,24,718045
최증왕,1962-04-15,54,M,서울시 강북구 송중동,15,4438877
전새충,1958-12-05,38,F,서울시 강남구 일원1동,10,515430
정항니,1964-11-23,43,M,서울시 강남구 도곡2동,19,617293
임서월,1994-03-16,62,M,서울시 관악구 난향동,7,129646
임필득,1975-07-06,51,M,서울시 동대문구 휘경2동,3,573120
송부결,1965-09-02,36,F,서울시 서대문구 홍은2동,3,936107
오활출,1973-12-27,32,M,서울시 노원구 상계4동,6,15277198
백재옥,1981-05-10,47,F,서울시 성북구 장위2동,2,655268
김규님,1978-11-26,69,F,서울시 강동구 상일동,19,259902678
이국제,1959-09-09,52,M,서울시 구로구 개봉1동,19,4559120
김평아,1981-02-02,40,M,서울시 도봉구 창5동,8,4349922
최리걸,1952-03-29,54,F,서울시 광진구 자양1동,12,381251
김은률,1986-09-28,43,M,서울시 강남구 도곡2동,5,4582844
최기지,1980-10-29,34,F,서울시 관악구 은천동,4,924004
허필애,1966-10-03,21,M,서울시 노원구 상계1동,15,29666474
홍회표,1980-04-28,39,F,서울시 관악구 인헌동,3,845245
김민삼,1966-10-03,49,F,서울시 송파구 가락2동,20,718045
박수낭,1954-09-24,64,F,서울시 성북구 정릉2동,19,6027400
박슬각,1990-03-27,65,F,서울시 송파구 잠실4동,17,713868
서인달,1956-03-15,54,F,서울시 노원구 중계2동,16,717265
강의전,1967-11-11,47,F,서울시 강동구 길동,3,6012616
권란신,1987-03-12,49,M,서울시 노원구 상계4동,14,383800
정슬령,1988-03-25,61,F,서울시 노원구 하계2동,7,96071082
정항니,1977-05-05,43,M,서울시 송파구 거여1동,5,3423922
박몽윤,1994-03-22,56,M,서울시 중랑구 중화1동,14,170762
이서원,1970-01-21,30,F,서울시 광진구 자양4동,16,527308
김군죽,1968-09-05,49,F,서울시 송파구 가락2동,20,718045
배왕판,1948-09-16,60,M,서울시 송파구 잠실6동,5,9983188
김다도,1974-08-25,54,M,서울시 중랑구 신내1동,2,408863
라백늘,1959-01-15,47,F,서울시 은평구 증산동,7,579364
한낙창,1967-02-23,29,M,서울시 강서구 등촌2동,15,28438488
강귀운,1998-05-15,35,F,서울시 은평구 불광1동,18,138448
김점철,1973-05-13,57,M,서울시 은평구 갈현1동,4,334335
임황법,1996-08-31,70,M,서울시 용산구 한남동,17,1613015
백법득,1999-08-29,27,M,서울시 은평구 응암1동,12,2963613
박휴장,1962-11-13,52,F,서울시 서초구 방배3동,8,925875
이라정,1995-12-06,43,M,서울시 은평구 갈현1동,4,245439
정무언,1999-11-11,45,M,서울시 관악구 삼성동,14,4614120
정위해,1997-02-10,67,F,서울시 강북구 수유3동,3,441424
정후표,1970-01-21,36,F,서울시 도봉구 방학3동,5,806895
김희풍,1955-04-21,41,F,서울시 성북구 돈암2동,4,8621945
이빈숙,1994-01-01,24,F,서울시 송파구 방이1동,18,607217
김법섭,1967-10-12,53,F,서울시 동작구 상도4동,11,775311
하점석,1966-12-14,66,F,서울시 강서구 화곡1동,7,129646
신열겸,1966-03-13,38,F,서울시 양천구 신정4동,12,65947
김달항,1968-11-09,30,F,서울시 동대문구 전농1동,17,527308
서마별,1949-07-06,28,M,서울시 강남구 개포4동,12,9012047
양갈길,1986-08-20,67,F,서울시 은평구 응암1동,3,284825
이완종,1980-12-03,40,M,서울시 서초구 잠원동,8,588961
김환늘,1970-03-12,67,F,서울시 강북구 수유3동,20,508420
박동추,1961-04-15,38,M,서울시 송파구 잠실3동,15,20577700
김이혁,1985-05-17,35,M,서울시 동대문구 장안1동,21,718045
유정중,1980-08-15,33,F,서울시 중랑구 상봉2동,16,586134
이효영,1980-06-12,58,M,서울시 송파구 장지동,10,7275786
장용증,1964-03-30,58,M,서울시 송파구 장지동,10,7275786
정남풍,1967-03-28,29,F,서울시 은평구 응암3동,4,5829565
한초기,1960-07-07,45,M,서울시 강서구 우장산동,5,804564
문여아,1978-09-06,41,M,서울시 성북구 길음1동,1,24943712
차잠충,1957-11-02,59,F,서울시 중구 소공동,15,9285179
김묘두,1979-11-25,62,F,서울시 은평구 수색동,8,823884
정항니,1977-05-05,58,F,서울시 양천구 신정1동,13,907306
용복실,1961-07-31,54,M,서울시 금천구 시흥1동,6,704030994
강귀운,1955-10-10,71,F,서울시 강남구 대치4동,14,7138181
신여하,1975-04-02,71,F,서울시 금천구 여의동,8,210113
김좌염,1998-06-10,55,M,서울시 동대문구 제기동,23,916190142
손흔사,1988-02-13,60,M,서울시 구로구 수궁동,14,170762
김반빈,1966-09-29,50,F,서울시 중랑구 신내1동,17,23992801
홍춘협,1984-02-01,71,F,서울시 강서구 화곡3동,14,8094971
김무극,1959-07-22,56,M,서울시 강동구 천호1동,14,492292229
김칠년,1978-11-26,39,F,서울시 은평구 대조동,19,177987
김치애,1977-02-01,39,F,서울시 강북구 미아동,10,334936
성근현,1948-09-16,56,M,서울시 강북구 삼양동,4,6386194
김견환,1997-07-19,56,F,서울시 금천구 당산2동,2,659390
이본림,1960-09-11,49,M,서울시 양천구 목5동,1,6883725
김국령,1975-12-12,40,M,서울시 도봉구 창5동,9,8189142
이본림,1955-03-06,61,F,서울시 강남구 개포2동,3,2286545
박강상,1964-03-30,34,F,서울시 강남구 세곡동,12,5070377
정붕찬,1950-01-07,30,M,서울시 금천구 독산1동,4,3903130
김삼락,1954-09-24,45,M,서울시 서초구 잠원동,1,963923
정슬령,1992-02-03,43,F,서울시 노원구 상계9동,10,915789
전새충,1975-12-12,28,M,서울시 동대문구 장안1동,8,660958
최도호,1967-06-05,36,F,서울시 도봉구 방학1동,17,25881913
강필준,1950-08-06,45,M,서울시 관악구 삼성동,11,973030
고가향,1965-06-06,46,F,서울시 도봉구 창2동,9,511856
김철복,1958-12-09,64,F,서울시 은평구 녹번동,19,2661621
육덕훈,1995-08-09,50,F,서울시 중랑구 묵1동,15,3701694
최흥샘,1998-07-08,48,F,서울시 서초구 반포본동,8,579364
송서갑,1961-05-09,54,F,서울시 강서구 가양2동,19,6027400
오활출,1975-08-31,45,F,서울시 금천구 시흥2동,22,391019
정붕찬,1974-01-13,55,M,서울시 구로구 고척2동,9,103755
강교례,1979-01-24,25,M,서울시 은평구 불광1동,3,7637614
박수낭,1991-08-23,24,F,서울시 중랑구 상봉1동,17,80691
남단구,1992-07-27,57,M,서울시 은평구 응암3동,10,12701270
한천응,1961-10-09,48,F,서울시 서초구 반포4동,9,955143
김휴건,1975-07-04,56,M,서울시 노원구 하계1동,15,492838
김세용,1967-05-25,60,F,서울시 성동구 사근동,13,907306
김비치,1967-10-20,24,F,서울시 노원구 공릉2동,19,660909
강채항,1969-04-10,43,M,서울시 송파구 거여1동,5,6283253
배량선,1960-01-06,36,F,서울시 도봉구 방학1동,5,924004
김조국,1984-09-10,34,F,서울시 송파구 가락2동,12,568942
윤민자,1973-03-06,64,M,서울시 강남구 도곡1동,21,588698
유갑업,1990-03-27,60,M,서울시 동작구 노량진2동,15,3539418
손루염,1967-11-13,29,M,서울시 성동구 행당2동,12,943485
최기지,1975-04-02,54,F,서울시 강남구 논현1동,5,14898788
양방로,1964-11-06,22,F,서울시 강남구 청담동,4,136204
홍징웅,1965-02-08,67,F,서울시 서초구 서초4동,3,617747
이감문,1964-12-25,54,M,서울시 강서구 발산1동,15,639501
김명란,1992-08-07,70,M,서울시 성북구 안암동,12,48441
전내사,1957-11-02,25,M,서울시 금천구 문래동,13,739720
이번빈,1965-02-08,41,F,서울시 서초구 반포3동,6,356927
이라정,1965-04-24,26,F,서울시 양천구 신월3동,11,8394779
오활출,1984-06-03,42,M,서울시 중랑구 신내1동,19,509787
전내사,1964-08-10,23,F,서울시 서대문구 북가좌2동,10,405409
김갑량,1994-03-16,63,M,서울시 양천구 신정3동,5,7736475
강의전,1986-08-20,46,F,서울시 강서구 가양1동,3,863985
정담남,1961-09-24,25,M,서울시 강북구 번1동,13,28438488
박면우,1962-04-18,66,M,서울시 용산구 한남동,4,505181017
김갈평,1954-08-28,63,M,서울시 강서구 공항동,13,159017
장용증,1979-06-21,67,M,서울시 동대문구 장안2동,18,2661621
김비윤,1978-06-26,54,F,서울시 도봉구 방학2동,2,478842
박한차,1967-10-20,66,F,서울시 양천구 신월2동,7,9035953
서인달,1980-05-29,67,M,서울시 동대문구 장안2동,18,1742164
박빛죽,1955-10-14,45,M,서울시 관악구 삼성동,19,509787
허필애,1966-09-14,46,F,서울시 강동구 명일1동,9,915789
황재회,1987-03-11,49,F,서울시 송파구 가락2동,3,554758
서년,1994-10-21,42,F,서울시 강남구 역삼2동,5,9127288
이서원,1970-10-02,53,F,서울시 금천구 대림2동,9,423188
이애두,1995-12-06,64,F,서울시 서초구 방배2동,2,330443
박슬각,1956-07-18,64,F,서울시 송파구 가락2동,18,1742164
김문협,1983-12-10,48,F,서울시 관악구 대학동,1,545252
강화초,1975-05-15,24,F,서울시 중랑구 상봉1동,18,462567
김훈학,1976-06-11,61,F,서울시 강남구 개포2동,20,383135873
김잠기,1993-06-20,38,F,서울시 양천구 신정4동,12,577732
심갈음,1977-12-23,46,F,서울시 동대문구 제기동,3,851265
박미풍,1976-08-03,48,M,서울시 금천구 여의동,1,88358
최길월,1995-07-03,44,M,서울시 용산구 원효로1동,15,12429400
조열심,1993-08-24,46,F,서울시 강서구 가양1동,3,531530
용복실,1980-06-12,50,F,서울시 광진구 구의3동,15,3701694
이풍건,1973-11-03,69,F,서울시 종로구 혜화동,10,807390
우환래,1974-06-05,62,F,서울시 강남구 일원1동,16,712921
고주남,1981-10-16,70,F,서울시 종로구 혜화동,12,67196
안주두,1996-09-09,28,F,서울시 중랑구 면목4동,13,140337
윤판늠,1983-05-20,54,M,서울시 노원구 공릉2동,2,824027
양담실,1959-01-15,48,M,서울시 동작구 흑석동,16,8691038
한초기,1984-11-09,43,M,서울시 송파구 거여1동,19,509787
장욱견,1961-04-30,45,M,서울시 중랑구 면목4동,6,374348
이라정,1963-10-11,64,F,서울시 성북구 정릉2동,2,330443
이로철,1953-11-05,44,F,서울시 강서구 화곡8동,10,511856
박금완,1949-08-06,44,M,서울시 마포구 공덕동,5,263767
안후년,1955-04-21,24,F,서울시 은평구 대조동,16,660909
임관련,1948-06-18,64,F,서울시 서초구 방배2동,19,632274
유청종,1955-12-12,26,F,서울시 동대문구 청량리동,5,247742
이귀응,1968-03-30,37,M,서울시 금천구 여의동,13,840937
최길월,1970-09-29,49,M,서울시 송파구 풍납1동,14,383800
이개래,1991-07-02,48,F,서울시 성동구 왕십리2동,9,579364
오서지,1977-01-29,49,M,서울시 강서구 염창동,16,251564
오부생,1978-09-06,55,F,서울시 성북구 월곡2동,19,690985
김평흠,1996-05-23,47,M,서울시 마포구 성산1동,13,906030
장일본,1996-12-12,55,F,서울시 강서구 염창동,7,3532623
강의전,1973-05-13,25,F,서울시 금천구 도림동,5,247742
김오용,1980-06-18,43,M,서울시 송파구 거여1동,19,959002
이슬증,1992-01-31,50,M,서울시 양천구 목1동,8,604665
이융항,1967-12-11,52,F,서울시 관악구 청림동,19,19398030
유송문,1962-11-15,40,M,서울시 관악구 행운동,9,588961
이귀응,1969-02-18,27,M,서울시 성북구 길음2동,17,323522
김휴후,1951-08-02,52,F,서울시 관악구 청림동,7,8574873
한낙창,1974-03-29,67,M,서울시 은평구 신사1동,18,600256
남손학,1981-03-02,34,F,서울시 중랑구 면목3동,16,868878
서인달,1993-05-09,34,M,서울시 송파구 잠실본동,8,510280
김백렬,1986-01-26,61,F,서울시 강북구 삼양동,7,96071082
양리장,1967-01-06,21,F,서울시 성북구 종암동,7,119959
이곤구,1995-08-09,57,F,서울시 강서구 화곡본동,2,867810
박부범,1957-08-27,47,F,서울시 은평구 증산동,12,906030
이명준,1969-02-18,57,M,서울시 송파구 마천1동,11,6184826
김좌발,1994-11-19,47,F,서울시 금천구 독산1동,12,4614120
김랑풍,1981-04-05,66,M,서울시 은평구 신사1동,16,630474
이슬탁,1968-09-05,43,F,서울시 송파구 가락본동,1,24375307
고번모,1961-10-09,30,F,서울시 강서구 발산1동,17,527308
임송달,1962-04-15,62,M,서울시 은평구 신사1동,3,330443
김조국,1970-12-10,27,M,서울시 강남구 개포4동,17,248993
김탁하,1966-07-27,47,F,서울시 성동구 옥수동,7,552889
박빛죽,1976-06-11,37,M,서울시 은평구 응암1동,7,515430
윤욱태,1971-10-03,44,M,서울시 중랑구 망우본동,9,864374
우웅모,1956-03-15,29,F,서울시 강북구 번3동,4,554057
윤판늠,1997-08-16,49,F,서울시 도봉구 창2동,20,718045
이타융,1953-09-10,50,F,서울시 중랑구 신내1동,9,955143
안거희,1988-05-31,59,F,서울시 송파구 풍납2동,12,159017
김휴후,1963-12-12,57,F,서울시 도봉구 도봉2동,8,6134758
김겸몽,1994-08-28,66,M,서울시 관악구 신림동,10,875126
이라정,1974-04-28,52,F,서울시 강동구 길동,18,689448
용복실,1953-02-09,58,M,서울시 송파구 장지동,14,159017
강필준,1983-05-12,58,M,서울시 구로구 개봉2동,12,309864936
신열겸,1965-06-11,30,F,서울시 강서구 발산1동,4,7637614
박낙아,1976-06-11,36,F,서울시 서대문구 홍은2동,13,840937
강의전,1973-03-06,33,F,서울시 송파구 삼전동,15,25083
이애두,1955-04-21,48,F,서울시 서초구 반포4동,1,428788
최둘여,1964-10-07,39,F,서울시 중구 장충동,9,5237294
김갑량,1975-04-02,62,M,서울시 서대문구 홍1동,9,7275786
김탁보,1971-09-09,36,F,서울시 금천구 독산1동,14,925521
최추황,1983-12-10,33,M,서울시 금천구 당산2동,20,438369
이혁범,1965-11-24,39,F,서울시 동대문구 청량리동,10,754637
나익록,1970-10-02,51,M,서울시 은평구 역촌동,11,6378420
한익래,1951-12-07,33,F,서울시 마포구 서교동,15,776140
성근현,1994-08-28,24,F,서울시 서대문구 연희동,16,309961
임야란,1983-04-05,36,F,서울시 송파구 거여2동,5,900948
오활출,1995-07-09,27,M,서울시 노원구 상계1동,1,98099
정붕찬,1987-04-30,54,F,서울시 광진구 광장동,17,717265
최종청,1992-07-27,34,F,서울시 중랑구 면목3동,1,296263229
조의규,1989-05-02,34,F,서울시 중랑구 면목7동,10,990950
하점석,1954-03-27,54,F,서울시 은평구 증산동,3,14898788
김야돈,1984-02-01,56,F,서울시 종로구 숭인1동,11,20646417
서지범,1967-11-13,50,M,서울시 양천구 신정3동,8,5123046
유구염,1966-02-24,50,F,서울시 서초구 서초1동,3,573120
이생휘,1961-07-08,33,M,서울시 송파구 잠실3동,9,460681
박낙아,1981-02-27,40,M,서울시 동대문구 전농2동,2,5577833
김삼락,1976-09-04,46,M,서울시 중랑구 상봉2동,16,4821558
김후명,1963-10-11,24,F,서울시 강남구 대치4동,14,7446825
김이방,1972-03-18,26,M,서울시 구로구 구로4동,5,11855537
이미양,1958-03-28,58,M,서울시 구로구 개봉2동,2,9300196
이미양,1963-10-24,34,M,서울시 동작구 상도3동,16,25083
이왕악,1990-12-17,42,F,서울시 강남구 역삼2동,8,698761
임연교,1953-01-28,22,F,서울시 관악구 중앙동,11,136204
유공률,1957-10-17,36,F,서울시 강남구 세곡동,14,799413
윤판늠,1973-03-06,66,M,서울시 용산구 한남동,15,713868
지설원,1962-12-20,46,F,서울시 관악구 은천동,6,3043939
이융항,1956-05-22,57,M,서울시 구로구 가리봉동,16,3539418
고가향,1984-08-23,56,F,서울시 마포구 대흥동,4,334335
박몽윤,1972-03-18,54,M,서울시 강서구 발산1동,2,328866
김인휘,1966-10-06,34,F,서울시 중랑구 면목3동,9,947489
오활출,1968-09-05,44,M,서울시 양천구 신정3동,15,590311
조운원,1992-10-17,58,M,서울시 종로구 종로1가,2,88358
신혁극,1961-09-24,58,M,서울시 종로구 종로1가,2,9300196
최흥샘,1971-10-06,26,F,서울시 양천구 신월3동,12,7446825
박금완,1985-11-30,64,M,서울시 중구 신당동,14,8426258
김향일,1971-07-10,24,M,서울시 동작구 대방동,16,309961
임송달,1972-05-22,56,M,서울시 중랑구 중화1동,14,170762
김량녀,1967-01-06,36,F,서울시 서대문구 홍은2동,6,556200
김오노,1953-11-05,21,F,서울시 서대문구 홍2동,3,4436249
김궁님,1980-06-08,46,F,서울시 강동구 명일1동,4,19522585
이나련,1990-04-07,41,F,서울시 서초구 반포3동,1,2908515
안후년,1974-06-20,27,M,서울시 동대문구 장안1동,7,903951
정담남,1993-06-20,52,F,서울시 양천구 신정7동,8,28222
윤각관,1990-03-27,32,F,서울시 송파구 문정1동,7,3290306
박몽윤,1982-06-20,22,F,서울시 강남구 청담동,3,136204
박청노,1997-07-19,29,M,서울시 성동구 행당2동,12,943485
박웅죽,1968-03-30,37,M,서울시 금천구 양평1동,8,45108
박부범,1974-11-09,24,F,서울시 서대문구 연희동,18,80691
박심흡,1961-04-15,64,M,서울시 강서구 화곡1동,21,508420
정난양,1970-12-10,57,F,서울시 강서구 화곡본동,8,354319957
정항니,1994-08-28,43,F,서울시 강남구 삼성2동,10,511856
김서리,1977-03-02,27,M,서울시 강북구 삼양동,8,2963613
박담숙,1949-03-11,53,M,서울시 은평구 갈현1동,4,903992
송부결,1973-05-13,41,F,서울시 금천구 시흥2동,5,920543
무의조,1999-08-29,33,M,서울시 노원구 공릉1동,9,40752
최제손,1973-02-24,37,M,서울시 은평구 응암1동,7,705330
이어배,1991-07-02,57,M,서울시 강서구 가양3동,18,6470638
심의순,1984-09-10,27,M,서울시 은평구 응암1동,7,2104425
이타융,1949-08-06,33,F,서울시 송파구 삼전동,12,40752
이익석,1967-10-25,28,F,서울시 성동구 성수2가3동,7,20402797
이육묵,1949-06-19,45,M,서울시 양천구 신월1동,16,6912711
김문협,1961-09-24,46,F,서울시 도봉구 창2동,2,655268
송오비,1996-11-28,32,M,서울시 강동구 성내2동,10,56049
정항니,1977-05-05,53,F,서울시 동작구 상도4동,8,698836868
장열옥,1996-05-23,58,M,서울시 강남구 신사동,2,20646417
하점석,1970-08-11,25,F,서울시 광진구 자양3동,8,1937677
이관섭,1992-08-07,47,F,서울시 성북구 장위2동,2,4332436
최겸안,1994-01-01,64,F,서울시 금천구 여의동,9,494724
장등광,1996-11-26,51,M,서울시 동대문구 휘경2동,3,573120
김담좌,1963-12-12,32,F,서울시 노원구 상계2동,13,8017047
현판정,1985-09-01,41,M,서울시 성북구 길음1동,4,245439
박면우,1997-08-16,30,F,서울시 동대문구 전농1동,4,223091
구어능,1961-05-09,43,M,서울시 강남구 도곡2동,19,959002
김선극,1964-03-19,54,F,서울시 광진구 자양1동,12,29180982
박충방,1950-11-19,43,M,서울시 송파구 거여1동,19,617293
윤항님,1983-05-14,69,F,서울시 종로구 혜화동,5,815325
김견환,1996-11-28,56,M,서울시 노원구 상계8동,2,9300196
김원혁,1967-09-09,44,F,서울시 중랑구 면목2동,15,873892119
임운서,1980-12-05,59,M,서울시 강서구 염창동,17,929154
김비작,1962-12-18,25,F,서울시 중구 약수동,8,300760
김납용,1974-01-13,38,M,서울시 마포구 합정동,6,465764
이슬증,1987-09-03,46,M,서울시 중랑구 면목2동,14,14898788
배등렬,1959-06-19,32,F,서울시 송파구 문정1동,12,850764
정응사,1961-10-09,67,M,서울시 노원구 중계1동,18,2661621
유구염,1979-06-27,24,F,서울시 송파구 방이1동,3,830306
조대건,1993-07-13,36,F,서울시 도봉구 방학3동,5,924004
서지범,1975-09-08,45,F,서울시 동대문구 장안1동,22,391019
한낙창,1973-03-26,34,F,서울시 중랑구 면목7동,12,542008
정말향,1984-06-08,69,M,서울시 금천구 문래동,14,950439857
이어량,1964-04-06,49,F,서울시 강남구 압구정동,16,637769
안송현,1965-11-01,67,F,서울시 은평구 응암1동,11,67196
백택례,1950-03-30,33,M,서울시 송파구 석촌동,9,635268
이곤구,1961-12-24,69,M,서울시 은평구 증산동,5,815325
남손학,1961-04-30,25,M,서울시 관악구 청룡동,16,59693
유활별,1983-04-05,54,F,서울시 강남구 논현1동,16,3463291
이서원,1981-06-13,28,F,서울시 구로구 수궁동,6,247742
홍앵래,1993-02-21,70,M,서울시 금천구 독산3동,10,875126
이쌍요,1959-07-22,48,M,서울시 관악구 인헌동,16,8691038
이환철,1950-01-31,66,M,서울시 관악구 신림동,3,935740
김궁님,1961-11-10,58,M,서울시 구로구 개봉2동,18,178026
김중륜,1990-03-27,35,M,서울시 송파구 잠실4동,6,678544
박음운,1950-03-30,47,F,서울시 성동구 옥수동,14,799413
김조국,1972-04-07,49,M,서울시 강서구 염창동,14,7177617
양리장,1988-06-09,64,F,서울시 은평구 녹번동,2,330443
박겸이,1992-02-03,58,M,서울시 구로구 개봉2동,7,3885329
전새휴,1970-09-29,36,F,서울시 서대문구 홍은2동,6,678544
손루염,1981-03-02,54,F,서울시 용산구 한강로동,5,1814699
한낙창,1958-08-02,44,M,서울시 서대문구 홍1동,11,782187
이어배,1980-12-05,36,M,서울시 금천구 신길3동,15,776140
신열겸,1958-09-26,43,M,서울시 강남구 도곡2동,2,5577833
남타목,1984-08-28,36,F,서울시 도봉구 방학1동,13,577732
심의순,1949-05-02,39,F,서울시 서초구 양재1동,10,9109251
김실명,1973-12-31,35,M,서울시 서초구 방배2동,2,675278
이랑부,1986-01-26,46,F,서울시 강동구 명일1동,2,4332436
김려려,1958-04-06,54,M,서울시 동대문구 용신동,12,3860266
장로언,1967-01-06,30,F,서울시 강서구 발산1동,17,6722935
김민예,1949-08-22,70,F,서울시 서초구 내곡동,2,441424
송내님,1966-09-29,54,F,서울시 강서구 등촌3동,19,15060319
신정국,1954-09-24,64,M,서울시 광진구 자양3동,14,803698
신녹관,1959-01-15,62,M,서울시 서대문구 천연동,10,52290
이년초,1989-01-08,51,M,서울시 동대문구 휘경2동,3,173311
권란신,1985-06-04,41,F,서울시 서초구 반포3동,4,19522585
윤아육,1983-05-14,64,M,서울시 강북구 삼양동,13,219864
양시려,1968-05-12,50,F,서울시 중랑구 묵1동,17,23992801
송부결,1962-11-21,54,M,서울시 노원구 공릉2동,12,3860266
이루휴,1979-06-27,36,M,서울시 강북구 삼양동,12,510280
한익래,1999-11-11,46,F,서울시 강서구 가양1동,4,8621945
고가향,1971-10-10,62,M,서울시 은평구 신사1동,7,96071082
이임애,1980-12-03,25,M,서울시 관악구 청룡동,19,787361
이관석,1988-08-30,64,M,서울시 중랑구 묵1동,15,221883
이애두,1955-03-06,53,F,서울시 관악구 서림동,9,16127125
김석계,1950-12-25,52,M,서울시 송파구 석촌동,19,4559120
신녹관,1964-04-06,63,F,서울시 금천구 시흥5동,1,714927
장헌흥,1989-05-02,24,F,서울시 은평구 대조동,14,237324
우환래,1993-05-09,63,M,서울시 강서구 공항동,5,9485402
김납용,1975-02-15,42,M,서울시 양천구 신정1동,10,4349922
김쾌천,1994-12-13,42,F,서울시 은평구 갈현1동,4,545321
강채항,1948-06-18,54,F,서울시 은평구 녹번동,15,352034
이치묘,1988-08-20,44,M,서울시 양천구 신정3동,14,20437348
이혁범,1956-06-22,60,F,서울시 성북구 삼선동,17,521420
김내내,1983-10-03,49,F,서울시 양천구 목2동,16,865417
송서갑,1976-06-11,53,F,서울시 금천구 대림2동,9,3070251
윤태애,1960-02-05,50,F,서울시 중랑구 신내1동,17,481722
김희풍,1975-08-29,23,F,서울시 서대문구 북가좌2동,6,331111
권면야,1962-02-10,54,F,서울시 도봉구 방학2동,3,1546922
김칠년,1996-05-23,44,F,서울시 강서구 화곡8동,6,374348
최추황,1957-04-09,39,F,서울시 구로구 고척2동,8,17001033
이차해,1994-11-19,56,M,서울시 금천구 시흥5동,14,492292229
정금양,1965-07-06,52,F,서울시 광진구 자양4동,10,29146508
김원혁,1948-09-16,52,F,서울시 도봉구 창1동,15,98760
최곤돌,1953-06-25,43,F,서울시 강서구 가양1동,3,658065
김랑풍,1974-08-25,59,M,서울시 강서구 가양3동,16,929154
강온견,1957-08-02,39,M,서울시 종로구 창신3동,8,9109251
박련렬,1969-01-24,35,M,서울시 송파구 잠실4동,8,705330
박연트,1965-04-03,60,F,서울시 금천구 신길6동,7,8094971
라백늘,1982-09-29,64,M,서울시 서초구 방배2동,15,221883
김낭돈,1955-06-04,57,M,서울시 은평구 응암3동,1,9300196
황융진,1999-10-21,54,M,서울시 서대문구 연희동,3,46581
여요롬,1955-03-06,57,F,서울시 강동구 천호2동,17,221883
김달항,1979-10-19,43,F,서울시 강남구 삼성2동,11,8598919
이입의,1992-07-27,25,M,서울시 관악구 청룡동,16,233148
최봉림,1990-05-03,36,M,서울시 동대문구 이문2동,6,25872319
김환늘,1981-10-16,47,F,서울시 강동구 길동,12,8591724
박슬각,1963-12-12,61,F,서울시 강남구 개포2동,3,979055
신항길,1995-07-03,42,F,서울시 서초구 반포본동,5,4582844
김련옥,1967-10-25,44,M,서울시 서대문구 충현동,17,272012
정효숙,1992-06-13,53,M,서울시 은평구 갈현1동,4,903992
최심추,1979-02-25,49,F,서울시 노원구 공릉2동,20,718045
김납용,1955-06-04,58,F,서울시 성동구 행당2동,15,167951
신녹관,1968-09-05,33,F,서울시 중랑구 상봉2동,16,982439
백재옥,1979-06-21,52,F,서울시 광진구 자양4동,18,28345067
임운서,1955-09-26,42,M,서울시 은평구 역촌동,4,277354
이관섭,1962-07-23,25,F,서울시 광진구 자양3동,5,247742
김오노,1998-06-10,69,F,서울시 금천구 가산동,11,7138181
장욱견,1963-04-14,62,M,서울시 강남구 일원본동,3,714927
배왕판,1983-07-20,25,F,서울시 관악구 행운동,15,29666474
김삼락,1964-04-05,23,F,서울시 광진구 광장동,6,119959
정방녕,1989-08-04,46,F,서울시 도봉구 창2동,4,851265
김탁복,1961-05-09,32,M,서울시 마포구 대흥동,6,587905
최흥샘,1985-08-28,63,F,서울시 구로구 구로4동,6,97571
김문협,1975-08-31,50,F,서울시 양천구 신정2동,7,2436352
이완종,1964-04-19,58,F,서울시 서대문구 남가좌1동,5,397569
최겸안,1990-06-04,49,M,서울시 광진구 중곡2동,16,637769
이하복,1979-03-14,57,M,서울시 강북구 수유3동,9,28781
안송현,1972-07-07,22,M,서울시 서초구 잠원동,22,196050331
손벽례,1981-05-10,36,F,서울시 강남구 세곡동,8,251928
임송달,1987-10-23,36,F,서울시 강남구 세곡동,2,4893819
박휴장,1994-07-24,64,M,서울시 중랑구 묵1동,21,916190142
배왕판,1963-09-10,22,F,서울시 관악구 중앙동,7,16610469
윤회작,1956-12-25,32,F,서울시 강서구 화곡1동,16,527308
이효영,1970-01-21,39,M,서울시 성북구 장위1동,18,80691
신열겸,1962-04-18,56,F,서울시 중랑구 중화2동,15,745906
김애규,1963-11-03,22,F,서울시 관악구 중앙동,4,3050938
이간율,1985-08-28,62,M,서울시 은평구 신사1동,7,1069310
박슬각,1986-09-28,39,M,서울시 금천구 시흥1동,3,9658846
이임애,1976-04-24,32,M,서울시 노원구 공릉1동,8,18938488
최래업,1967-10-25,29,M,서울시 성동구 성수2가1동,8,21364304
김세설,1970-01-21,48,M,서울시 동작구 흑석동,1,88358
이육묵,1949-07-06,27,M,서울시 강남구 개포4동,12,903951
박연트,1973-05-22,23,M,서울시 금천구 영등포본동,13,19864
김배손,1970-03-12,69,M,서울시 은평구 증산동,5,871237
박화철,1971-10-06,27,F,서울시 양천구 목2동,9,307365
이어량,1998-07-08,40,F,서울시 강서구 우장산동,7,26620
김오노,1986-01-26,39,F,서울시 강북구 미아동,9,698761
손노량,1996-08-31,29,M,서울시 성북구 정릉2동,9,26402854
김려관,1990-03-27,65,F,서울시 송파구 가락2동,17,2661621
민겸행,1971-10-10,33,F,서울시 중랑구 상봉2동,16,880439
유갑업,1949-07-06,45,M,서울시 구로구 구로4동,1,526154
유청종,1966-09-14,64,F,서울시 서초구 방배2동,12,32292736
조점득,1983-05-14,30,M,서울시 금천구 독산1동,4,15277198
안빈량,1967-03-28,59,M,서울시 동대문구 답십리2동,16,425508
장용증,1985-11-30,29,F,서울시 강북구 번3동,4,5829565
박미풍,1966-09-21,61,F,서울시 강남구 개포2동,3,85725
홍춘협,1988-06-09,57,M,서울시 은평구 응암3동,15,929154
박몽윤,1980-12-05,41,F,서울시 금천구 시흥2동,17,690266
정붕찬,1962-02-10,36,F,서울시 서대문구 홍은2동,6,11992801
김서리,1962-11-25,42,M,서울시 강남구 수서동,7,990657
정육륜,1990-05-30,26,M,서울시 양천구 신정3동,12,28534782
박수낭,1992-04-17,28,F,서울시 중랑구 면목4동,7,1937677
이백아,1961-04-30,54,M,서울시 강북구 송중동,3,647602
조탁부,1993-05-09,24,F,서울시 은평구 대조동,6,6485092
김쾌천,1987-03-12,37,F,서울시 금천구 문래동,12,950439857
최요사,1989-11-07,60,F,서울시 중랑구 면목본동,17,7335791
서원명,1976-08-03,24,M,서울시 양천구 신정2동,16,660909
박두악,1951-08-02,54,F,서울시 은평구 녹번동,19,6027400
이생규,1974-01-29,53,F,서울시 강북구 수유1동,9,648901
김갈평,1964-03-30,41,F,서울시 강서구 화곡6동,6,356927
조탁부,1991-02-09,53,F,서울시 강북구 수유1동,9,12701270
서지범,1992-02-03,64,M,서울시 강북구 삼양동,15,297012
양갈길,1997-02-10,33,M,서울시 송파구 잠실3동,3,635268
박동추,1974-02-04,29,F,서울시 은평구 응암3동,4,223091
윤융건,1981-03-02,63,F,서울시 금천구 시흥5동,18,6027400
이융항,1975-08-31,37,M,서울시 금천구 양평1동,19,221500
김옥염,1964-05-01,24,F,서울시 구로구 고척1동,19,309961
김희목,1983-05-14,57,F,서울시 노원구 상계5동,8,78431
김혁익,1966-10-03,66,M,서울시 용산구 한남동,4,661805
안붕갑,1960-02-05,54,F,서울시 강남구 논현1동,17,934361
최리걸,1997-07-19,57,F,서울시 강동구 천호2동,2,932612
이번빈,1995-01-30,67,M,서울시 은평구 신사1동,18,600256
윤유집,1976-05-02,41,F,서울시 서초구 반포3동,13,8598919
이국제,1983-01-25,51,F,서울시 강남구 수서동,3,493590
김향일,1994-03-16,26,F,서울시 양천구 신월3동,16,660909
김칠년,1992-01-31,29,F,서울시 강북구 번3동,4,333138
장헌흥,1981-02-27,46,M,서울시 송파구 장지동,21,2799952
조탁부,1958-12-26,56,M,서울시 성북구 돈암1동,11,921333
서년,1957-04-09,43,F,서울시 송파구 가락본동,2,5577833
최흥샘,1977-03-12,40,M,서울시 성북구 길음1동,8,3591268
정난양,1957-11-27,50,M,서울시 양천구 신정3동,4,22475259
정항니,1970-01-28,58,M,서울시 송파구 삼전동,2,9300196
박손훈,1979-02-05,60,M,서울시 동작구 노량진2동,15,3539418
박관아,1988-08-12,53,M,서울시 은평구 갈현1동,13,366580
김수슬,1995-07-03,34,F,서울시 은평구 진관동,17,868878
윤군라,1997-02-10,62,M,서울시 서대문구 천연동,9,971543
임야란,1994-03-22,21,F,서울시 서대문구 홍2동,7,119959
오활출,1977-11-26,60,F,서울시 은평구 역촌동,7,836106
김면말,1965-12-23,41,F,서울시 서초구 방배2동,1,692350
차노하,1980-06-12,30,F,서울시 광진구 자양4동,16,613192
남담년,1984-06-03,27,F,서울시 서대문구 북가좌2동,14,405409
남담년,1994-01-01,69,F,서울시 서초구 서초1동,10,807390
남단구,1977-11-08,26,M,서울시 성북구 길음2동,12,28438488
최우엽,1990-06-04,29,M,서울시 성동구 성수2가1동,11,943485
윤회작,1986-03-23,54,M,서울시 송파구 거여2동,19,178026
남융니,1974-06-08,68,M,서울시 강동구 명일1동,14,219864
손루염,1972-11-30,62,F,서울시 강서구 화곡1동,18,690985
유새악,1959-07-22,37,M,서울시 금천구 양평1동,8,45108
오서지,1963-10-24,30,F,서울시 광진구 자양4동,15,25881913
백재옥,1963-12-04,50,F,서울시 양천구 신정2동,15,12429400
임갑엽,1980-06-18,52,F,서울시 서초구 방배3동,10,29146508
김감효,1987-03-11,32,M,서울시 노원구 공릉1동,8,4973848
김샛샘,1969-12-30,66,M,서울시 은평구 신사1동,10,324360
이융항,1984-02-01,71,F,서울시 송파구 가락본동,8,813238
이효영,1973-11-03,52,F,서울시 관악구 서림동,6,853782
강창표,1969-12-05,55,F,서울시 강서구 염창동,7,586526
정방녕,1963-10-02,41,F,서울시 강서구 화곡6동,1,4893819
윤아육,1990-05-03,39,F,서울시 은평구 대조동,19,177987
김무안,1965-07-06,61,F,서울시 노원구 하계2동,9,7495439
김랑술,1962-08-30,63,F,서울시 구로구 구로4동,1,714927
김환황,1968-10-31,59,M,서울시 동대문구 답십리2동,9,19512419
배등렬,1961-04-15,44,M,서울시 송파구 잠실6동,5,804564
정온국,1950-01-31,27,F,서울시 금천구 도림동,2,28514406
이귀방,1990-04-24,34,M,서울시 도봉구 쌍문4동,11,5070377
유활별,1955-03-04,57,M,서울시 강동구 암사3동,3,647602
서마별,1996-05-23,70,M,서울시 금천구 독산3동,4,274489
김다도,1978-06-26,59,M,서울시 동대문구 답십리2동,4,1213533
손노량,1975-09-30,33,M,서울시 금천구 당산2동,11,3946151
이욱승,1963-12-12,39,F,서울시 용산구 청파동,3,658065
유공률,1973-02-12,45,F,서울시 금천구 당산2동,17,6951875
차노하,1966-02-28,35,M,서울시 서초구 방배2동,6,25872319
안후년,1987-02-12,52,M,서울시 송파구 석촌동,7,3885329
유갑업,1955-04-21,22,M,서울시 중랑구 묵2동,5,355862656
이숙엽,1994-04-17,37,M,서울시 양천구 신월1동,13,840937
최제모,1977-08-02,43,M,서울시 은평구 갈현1동,4,277354
조향형,1989-07-23,38,F,서울시 성북구 월곡1동,5,448832
서년,1968-03-30,63,F,서울시 서초구 반포본동,8,836106
민겸행,1972-03-18,71,F,서울시 송파구 가락본동,14,324360
박부범,1989-08-09,64,F,서울시 은평구 녹번동,4,330443
김탁하,1959-08-19,40,M,서울시 서초구 잠원동,5,610943
정항니,1994-08-28,43,F,서울시 중랑구 신내2동,2,675278
박손훈,1980-04-28,34,M,서울시 성북구 동선동,6,678544
배극정,1957-11-27,38,F,서울시 은평구 응암3동,2,4893819
허필애,1949-07-07,49,F,서울시 송파구 가락2동,16,251564
신복녀,1954-03-27,60,F,서울시 은평구 역촌동,7,836106
김낭돈,1967-11-30,54,F,서울시 강서구 가양2동,12,29180982
정광율,1988-08-20,29,M,서울시 서대문구 홍3동,11,329148
홍징웅,1967-10-25,59,M,서울시 강서구 가양3동,9,7275786
윤회작,1968-11-09,58,M,서울시 송파구 장지동,19,600256
김충필,1964-08-10,59,M,서울시 동대문구 답십리2동,16,79751
김환황,1988-02-13,52,F,서울시 관악구 서림동,15,689448
조응람,1987-03-11,69,F,서울시 종로구 혜화동,11,67196
최증왕,1999-08-29,24,F,서울시 중랑구 상봉1동,18,868878
박한차,1956-12-07,32,F,서울시 성북구 정릉3동,3,7637614
박수낭,1966-03-13,57,F,서울시 강남구 삼성2동,2,867810
정말향,1977-03-12,62,M,서울시 은평구 신사1동,7,823884
김조경,1992-07-27,50,M,서울시 양천구 신정3동,16,589796
최우엽,1950-05-08,45,M,서울시 서초구 잠원동,14,7177617
강필준,1990-06-04,32,M,서울시 광진구 광장동,1,461398
조일트,1987-04-30,61,M,서울시 구로구 개봉3동,13,159017
허필애,1967-06-05,30,F,서울시 강서구 발산1동,12,1893555
이효영,1961-12-24,54,F,서울시 광진구 광장동,5,861964
진돈육,1965-04-03,52,F,서울시 양천구 목5동,18,689448
손휴표,1959-09-26,55,M,서울시 동대문구 제기동,9,103755
김랑술,1991-03-14,32,F,서울시 노원구 상계2동,13,850764
배왕판,1990-03-27,60,F,서울시 중랑구 면목본동,13,159017
김성염,1981-04-15,44,F,서울시 성북구 안암동,1,428788
장도육,1961-09-24,57,F,서울시 관악구 행운동,4,104651
최흥샘,1962-05-07,50,M,서울시 강서구 등촌3동,12,749926
김탁복,1998-05-15,25,M,서울시 강북구 번1동,5,7637614
박은국,1970-09-29,53,F,서울시 동대문구 휘경2동,6,258933
강간돈,1987-03-12,66,F,서울시 성북구 월곡2동,14,62972422
허필애,1995-07-16,22,F,서울시 강남구 청담동,11,6364293
김선극,1985-06-04,27,F,서울시 서대문구 남가좌2동,9,543933
정심말,1991-09-18,21,M,서울시 광진구 자양1동,1,5260714
정슬령,1956-07-18,54,M,서울시 송파구 거여2동,13,947226
이익석,1961-07-08,46,F,서울시 도봉구 창2동,19,617293
강간돈,1990-05-03,32,F,서울시 송파구 문정2동,13,850764
서지범,1984-10-05,62,M,서울시 은평구 신사1동,3,714927
김숭임,1964-12-25,56,F,서울시 종로구 숭인1동,9,423188
김장미,1978-07-01,40,F,서울시 성북구 성북동,5,594229
임야란,1949-07-06,62,M,서울시 관악구 난향동,3,9983188
김원혁,1969-08-04,43,F,서울시 중랑구 신내2동,10,275476
이루휴,1996-05-27,24,F,서울시 중랑구 상봉1동,12,8394779
구어능,1962-12-20,63,M,서울시 강서구 공항동,7,129646
김치애,1974-06-05,54,F,서울시 도봉구 방학2동,14,29180982
한초기,1974-06-08,30,M,서울시 양천구 목3동,14,943485
박돌이,1963-10-15,20,M,서울시 노원구 상계1동,3,317036
김면삼,1989-09-15,34,M,서울시 중랑구 상봉2동,16,13236490
박몽윤,1983-10-03,66,M,서울시 구로구 구로2동,10,875126
이보종,1991-12-17,63,M,서울시 강서구 공항동,7,129646
신혁극,1963-12-12,57,F,서울시 송파구 문정2동,16,221883
조의규,1985-04-27,20,F,서울시 성북구 종암동,13,1937677
박권권,1974-06-05,56,F,서울시 중랑구 중화2동,9,648901
이혁범,1991-03-23,54,M,서울시 동작구 사당3동,19,425508
김철복,1997-07-19,54,F,서울시 강서구 등촌3동,5,370526801
박빛죽,1974-08-25,45,F,서울시 광진구 군자동,11,973030
심갈음,1961-04-15,52,F,서울시 성북구 동선동,10,449695
양면송,1970-06-17,27,F,서울시 은평구 녹번동,9,543933
이나련,1990-03-27,65,F,서울시 관악구 행운동,14,671392
이곤구,1955-03-06,43,F,서울시 강남구 도곡2동,2,551779
임관련,1985-04-27,71,F,서울시 성북구 돈암2동,8,836106
강필준,1969-05-02,55,M,서울시 관악구 인헌동,23,916190142
장등광,1988-05-31,34,F,서울시 중랑구 면목3동,10,304655
김승란,1981-02-27,67,F,서울시 은평구 응암1동,5,634096
김원혁,1998-05-15,58,M,서울시 구로구 개봉2동,2,586175
장항트,1980-12-05,39,F,서울시 서초구 양재1동,19,5625998
최월군,1976-09-04,53,M,서울시 관악구 은천동,3,8660337
이슬증,1958-07-17,61,F,서울시 노원구 하계2동,14,598293
박몽윤,1978-04-26,49,M,서울시 성동구 왕십리도선동,1,6883725
박면우,1996-01-15,27,M,서울시 노원구 상계1동,25,280395
안송현,1975-03-25,59,F,서울시 중랑구 면목2동,12,379468
김세설,1991-07-02,70,M,서울시 동작구 신대방2동,2,991966
김돌복,1962-12-18,63,M,서울시 양천구 신정3동,7,129727
남타목,1986-05-13,29,M,서울시 노원구 공릉2동,15,29666474
김랑풍,1966-09-21,53,F,서울시 강북구 수유1동,8,27927
김련옥,1985-06-04,41,M,서울시 동작구 사당2동,8,4349922
김혁익,1975-09-08,50,F,서울시 중랑구 묵1동,9,875157
성풍집,1978-07-01,35,M,서울시 광진구 화양동,12,5070377
이한유,1976-08-03,24,F,서울시 서대문구 연희동,6,633016
남단구,1962-11-21,60,F,서울시 강동구 암사1동,23,938906081
박슬각,1964-03-19,38,M,서울시 동대문구 이문1동,15,309864936
박웅죽,1966-09-29,43,F,서울시 강서구 가양1동,7,4439805
한초기,1980-10-29,52,M,서울시 구로구 개봉1동,19,4559120
박벽인,1978-04-26,54,M,서울시 송파구 풍납1동,5,6824470
김잠기,1949-07-06,28,M,서울시 은평구 응암1동,11,903951
정담남,1964-11-06,41,F,서울시 서초구 방배2동,5,429123
우웅모,1980-04-28,39,F,서울시 동대문구 청량리동,9,754637
박충방,1977-02-24,66,F,서울시 양천구 신월2동,14,598293
하점석,1976-08-03,23,F,서울시 동대문구 청량리동,12,406997
김인휘,1951-04-05,29,M,서울시 성동구 행당2동,2,15277198
허필애,1975-07-06,67,M,서울시 노원구 중계1동,18,600256
정요판,1949-06-21,35,F,서울시 강동구 암사3동,20,391019
신혁극,1967-10-20,44,M,서울시 서대문구 충현동,5,263767
박중근,1961-04-30,69,M,서울시 금천구 문래동,5,739720
이감문,1991-03-23,53,F,서울시 강북구 수유1동,9,12701270
허동흥,1974-11-09,53,F,서울시 서초구 방배2동,15,98760
정응사,1973-01-08,36,F,서울시 송파구 거여2동,14,5048394
홍춘협,1995-04-16,71,F,서울시 강남구 대치4동,6,97571
최회재,1965-03-06,48,M,서울시 구로구 구로3동,16,775131
정담남,1995-11-28,61,F,서울시 강남구 개포2동,9,7275786
이응국,1965-06-28,58,F,서울시 성동구 행당2동,6,149680
김궁님,1977-01-29,39,F,서울시 동대문구 장안1동,15,850586
이명준,1974-02-04,60,F,서울시 금천구 신길6동,17,3539418
양방로,1986-08-20,24,M,서울시 양천구 신정2동,8,28534782
박낙아,1967-02-10,33,M,서울시 금천구 독산3동,9,460681
최온시,1995-07-16,52,F,서울시 서초구 방배3동,15,28345067
이백아,1975-05-25,49,M,서울시 노원구 상계4동,8,2355003
안범출,1955-04-29,36,M,서울시 송파구 잠실본동,6,678544
한낙창,1993-08-24,70,F,서울시 서초구 잠원동,17,1742164
김로니,1986-04-21,44,M,서울시 서대문구 충현동,14,356838
김개혁,1982-03-25,64,M,서울시 강북구 삼양동,6,266726
정말향,1961-08-07,51,F,서울시 관악구 청림동,19,617293
박슬각,1981-03-02,44,M,서울시 서대문구 충현동,17,825714
최우엽,1973-03-06,24,F,서울시 노원구 공릉2동,14,8394779
김창택,1961-07-31,53,F,서울시 금천구 대림2동,9,648901
임송달,1992-11-28,27,F,서울시 구로구 구로1동,9,543933
용복실,1955-12-16,48,F,서울시 구로구 구로3동,8,579364
서원명,1992-11-03,34,F,서울시 은평구 진관동,8,304655
이한유,1959-09-09,54,M,서울시 성동구 응봉동,12,4326015
박홍말,1977-02-24,27,F,서울시 서대문구 북가좌2동,14,405409
심의순,1951-04-22,29,M,서울시 성동구 성수2가1동,11,50237672
윤아육,1974-06-08,32,F,서울시 송파구 잠실본동,1,2908515
신열겸,1985-04-27,64,F,서울시 성북구 정릉2동,8,4709410
정평목,1974-06-20,61,F,서울시 성동구 용답동,3,23024255
이흔성,1986-03-23,36,F,서울시 성동구 금호3가동,14,8039798
김조경,1959-07-22,59,M,서울시 중랑구 상봉2동,17,929154
구어능,1971-10-10,25,M,서울시 관악구 청룡동,3,554057
박차제,1955-10-10,61,F,서울시 강남구 개포2동,3,979055
이효영,1957-04-09,31,M,서울시 금천구 시흥5동,14,2283534
이존다,1957-01-01,52,F,서울시 광진구 자양4동,10,29180982
임송달,1972-05-22,41,F,서울시 양천구 신정4동,1,4893819
김묘두,1994-12-17,30,F,서울시 강서구 발산1동,17,8017047
김담좌,1974-03-14,70,M,서울시 금천구 독산3동,17,259902678
안빈량,1992-06-13,53,F,서울시 강북구 수유1동,9,3070251
김감효,1965-12-23,36,F,서울시 강남구 세곡동,17,25881913
양리장,1989-09-15,45,M,서울시 구로구 구로1동,16,775131
김랑술,1967-10-25,37,F,서울시 금천구 문래동,8,633387
김애규,1953-02-15,63,M,서울시 강서구 공항동,22,943821
김배위,1966-09-14,67,F,서울시 은평구 응암1동,5,815325
문실흥,1996-11-28,46,M,서울시 송파구 장지동,7,137308
이융항,1977-03-12,53,M,서울시 서대문구 북아현동,12,775311
차잠충,1951-05-26,66,M,서울시 용산구 한남동,16,630474
진돈육,1978-06-26,62,M,서울시 금천구 양평2동,7,206500
김랑풍,1961-04-30,54,M,서울시 성동구 응봉동,14,947226
김랑풍,1989-08-04,55,F,서울시 성동구 송정동,7,957069
김석계,1949-06-21,28,F,서울시 구로구 수궁동,12,1893555
오서지,1987-09-03,63,F,서울시 구로구 구로2동,21,508420
박점법,1973-02-12,44,M,서울시 강서구 우장산동,5,263767
전준좌,1961-08-07,40,M,서울시 송파구 위례동,4,245439
원평염,1955-03-06,30,F,서울시 광진구 자양4동,17,527308
서마별,1960-04-02,43,M,서울시 은평구 갈현1동,4,277354
최곤돌,1950-08-06,66,F,서울시 송파구 방이2동,11,62972422
강창표,1987-03-11,54,M,서울시 강서구 발산1동,12,366580
하점석,1952-08-27,51,M,서울시 은평구 역촌동,3,757951
김옥후,1970-01-14,54,F,서울시 광진구 자양1동,19,38457
홍회표,1949-06-21,39,F,서울시 동대문구 장안1동,8,9109251
임황법,1974-08-25,57,M,서울시 은평구 응암3동,11,6184826
변어직,1974-10-10,47,F,서울시 금천구 독산1동,2,4332436
박낙아,1974-12-20,42,M,서울시 도봉구 방학1동,4,245439
백막섭,1970-12-05,54,M,서울시 동작구 사당3동,2,824027
김팔생,1977-06-27,60,F,서울시 금천구 신길6동,17,24815465
김치애,1961-07-31,71,F,서울시 강서구 화곡3동,14,5118899
김리소,1984-09-10,37,M,서울시 관악구 서림동,10,232612
전법위,1965-02-08,54,F,서울시 강서구 가양2동,3,14898788
이태협,1970-06-17,56,M,서울시 금천구 당산1동,15,884270
정범박,1964-09-26,70,F,서울시 강동구 상일동,8,761294
문여아,1992-07-27,59,F,서울시 송파구 풍납2동,16,167951
김연롬,1956-06-22,58,F,서울시 성동구 행당2동,6,149680
박웅랑,1999-10-21,63,F,서울시 구로구 구로2동,8,761294
이맹명,1949-07-06,28,F,서울시 성동구 성수2가3동,7,20402797
최래업,1987-07-12,36,F,서울시 강서구 방화1동,6,11992801
김국령,1987-09-03,52,F,서울시 관악구 서림동,8,27927
우훈단,1967-08-11,39,F,서울시 용산구 청파동,3,845245
이익석,1962-10-17,58,F,서울시 서대문구 남가좌1동,2,678555
정복청,1965-07-06,62,F,서울시 강서구 화곡1동,13,690985
최흥샘,1961-12-24,27,F,서울시 용산구 한남동,9,543933
김비윤,1970-01-14,50,F,서울시 성동구 마장동,17,23992801
이귀응,1986-05-30,57,F,서울시 도봉구 도봉2동,4,659390
최휘덕,1969-04-10,62,F,서울시 구로구 고척2동,8,1069310
조열심,1990-06-04,36,F,서울시 서대문구 홍은2동,5,924004
한낙창,1961-04-28,53,F,서울시 금천구 대림2동,6,6189128
김춘붕,1966-09-29,46,M,서울시 송파구 장지동,3,493590
윤판늠,1980-10-29,39,F,서울시 동대문구 청량리동,10,754637
강초한,1975-02-15,30,F,서울시 광진구 중곡3동,17,8017047
임야란,1974-03-14,26,F,서울시 동대문구 청량리동,12,414055
이나련,1968-03-30,51,M,서울시 마포구 성산1동,24,2799952
강라돌,1957-10-17,32,F,서울시 송파구 잠실본동,3,3290306
김비치,1964-04-03,69,M,서울시 서초구 방배2동,14,219864
이환철,1979-06-21,22,M,서울시 중랑구 묵2동,5,247742
김다홍,1972-04-07,63,F,서울시 구로구 구로2동,6,266726
안송현,1948-03-01,67,F,서울시 은평구 응암1동,3,422201
임서월,1953-02-15,48,F,서울시 서초구 반포4동,14,18457070
이웅열,1969-02-18,32,F,서울시 동작구 대방동,16,613192
임관련,1976-09-04,44,M,서울시 용산구 원효로1동,14,356838
이후풍,1974-03-14,66,F,서울시 성북구 월곡2동,14,690985
김다도,1967-11-13,39,F,서울시 서초구 양재1동,10,4180972
김실명,1987-03-16,64,F,서울시 금천구 여의동,12,829033
이생휘,1988-08-20,60,F,서울시 중랑구 면목본동,10,7275786
이보곤,1962-12-18,69,F,서울시 서초구 내곡동,19,15354423
송부결,1976-04-24,31,F,서울시 중랑구 중화2동,13,850764
유갑업,1963-11-03,51,M,서울시 은평구 역촌동,10,170397
최곤돌,1951-04-05,48,F,서울시 서초구 반포4동,8,955143
우환래,1977-08-02,35,F,서울시 강동구 암사3동,9,990950
박빛죽,1965-02-08,70,F,서울시 종로구 혜화동,17,630474
윤융건,1963-11-03,37,M,서울시 양천구 신월1동,13,577732
임송달,1967-08-11,30,F,서울시 강서구 발산1동,4,554057
김담좌,1949-06-19,47,F,서울시 성북구 장위2동,1,428788
한면랑,1955-03-06,58,F,서울시 양천구 신정1동,18,38457
김군죽,1967-05-25,44,M,서울시 서대문구 충현동,5,790274
조열심,1985-04-27,33,F,서울시 마포구 서교동,16,586134
한면랑,1966-09-14,35,M,서울시 동대문구 장안1동,21,347499
윤진년,1975-09-08,53,F,서울시 동대문구 휘경2동,11,381251
최온시,1972-05-22,43,F,서울시 노원구 상계9동,11,8598919
정녹래,1989-09-03,38,F,서울시 구로구 구로2동,12,65947
김탁하,1996-03-30,55,M,서울시 강동구 강일동,8,925875
양제생,1964-08-10,59,M,서울시 송파구 송파2동,6,3885329
정무언,1999-11-11,52,F,서울시 광진구 자양4동,10,449695
신루별,1957-08-27,54,F,서울시 은평구 증산동,12,449695
최천음,1961-12-24,67,F,서울시 서대문구 홍3동,3,617747
최리걸,1975-03-30,67,F,서울시 은평구 응암1동,11,8189492
윤민자,1990-08-08,29,M,서울시 강서구 등촌2동,19,23877522
윤아육,1996-09-09,44,F,서울시 강서구 화곡8동,8,542772
이추창,1962-03-03,43,F,서울시 강남구 도곡2동,2,5577833
안무효,1964-12-25,44,F,서울시 강서구 화곡8동,8,915789
이애두,1961-04-30,30,F,서울시 광진구 자양4동,4,554057
정담남,1997-10-22,20,M,서울시 강남구 삼성2동,1,317036
고주남,1963-12-04,57,M,서울시 구로구 가리봉동,16,929154
김무극,1995-08-09,42,F,서울시 중랑구 면목5동,5,9127288
유공률,1951-05-26,28,F,서울시 중랑구 면목4동,6,6485092
김중륜,1989-07-23,29,M,서울시 성동구 행당2동,2,909789
정슬령,1965-08-13,53,M,서울시 강서구 화곡1동,9,690985
이벽설,1992-07-18,40,M,서울시 송파구 위례동,2,900948
양방로,1953-02-15,22,F,서울시 광진구 구의3동,3,3050938
김이방,1950-03-30,55,M,서울시 금천구 양평1동,9,12701270
김옥염,1995-07-09,25,F,서울시 광진구 자양3동,9,4783318
백막섭,1965-07-06,44,F,서울시 양천구 목2동,10,542772
김철복,1996-12-12,50,M,서울시 마포구 망원1동,16,865417
신정국,1963-06-27,70,F,서울시 종로구 혜화동,8,4709410
박강상,1977-01-09,20,F,서울시 서대문구 홍2동,3,506519
김엽붕,1971-12-08,66,F,서울시 양천구 신월2동,14,698246
최추황,1980-04-28,24,F,서울시 구로구 고척1동,18,607217
이환람,1950-05-14,29,M,서울시 양천구 신정7동,3,2717691
최암형,1994-07-24,56,M,서울시 강북구 삼양동,4,334335
백법득,1980-06-12,66,M,서울시 용산구 한남동,12,9335927
정슬령,1961-04-15,34,F,서울시 중랑구 면목3동,1,296263229
이곤구,1961-09-24,68,M,서울시 동대문구 제기동,11,52290
권란신,1975-12-12,40,M,서울시 서대문구 홍1동,8,588961
이능혜,1953-07-24,29,M,서울시 서대문구 홍3동,15,6512717
서원명,1960-01-06,36,F,서울시 송파구 거여2동,6,678544
양갈길,1949-07-06,28,F,서울시 중랑구 면목4동,7,1937677
정심말,1997-10-22,56,F,서울시 중랑구 중화2동,15,689448
장용증,1974-11-09,63,F,서울시 구로구 구로2동,18,7055790
박금완,1953-03-04,43,M,서울시 은평구 갈현1동,4,277354
윤판늠,1991-12-17,25,F,서울시 중구 약수동,5,6485092
김궁님,1961-08-07,62,M,서울시 은평구 신사1동,9,9434886
이서원,1956-06-22,32,M,서울시 강동구 성내2동,8,533026
진소근,1990-10-10,32,M,서울시 금천구 독산2동,10,329148
조용월,1970-03-03,57,F,서울시 강남구 삼성2동,4,915346
차노하,1990-05-03,61,F,서울시 강서구 화곡2동,7,3885329
최가면,1963-09-10,47,M,서울시 마포구 성산1동,13,8591724
정무언,1984-01-04,45,M,서울시 구로구 구로1동,14,7177617
정무언,1959-06-19,64,M,서울시 중랑구 묵1동,9,9434886
이미양,1984-02-01,71,M,서울시 강남구 대치4동,8,972355
홍앵래,1993-08-24,49,F,서울시 성북구 월곡2동,3,6012616
김샛샘,1989-08-04,45,M,서울시 서초구 잠원동,21,718045
신루별,1989-09-03,39,F,서울시 강서구 공항동,8,653984
진소근,1975-12-12,37,F,서울시 서대문구 북가좌2동,17,331111
김복일,1949-10-27,35,M,서울시 서초구 방배2동,6,678544
박웅죽,1971-11-02,54,F,서울시 광진구 광장동,2,478842
정방활,1962-09-05,58,F,서울시 양천구 신정1동,6,149680
전준좌,1957-10-17,25,F,서울시 광진구 자양3동,12,8394779
김새보,1989-09-15,57,M,서울시 구로구 가리봉동,15,635593
최제모,1978-06-26,25,F,서울시 금천구 도림동,10,300760
박웅죽,1953-11-05,37,M,서울시 금천구 양평1동,8,45108
이낭늠,1983-12-10,27,F,서울시 용산구 한남동,14,543933
김철복,1967-10-25,58,M,서울시 송파구 장지동,14,159017
김면말,1970-01-14,50,F,서울시 중랑구 신내1동,17,95259
장붕록,1986-08-20,41,F,서울시 금천구 시흥2동,10,1376499
김환유,1973-03-06,49,F,서울시 양천구 목2동,1,545252
윤융건,1971-12-18,52,F,서울시 성북구 돈암1동,10,29180982
김창택,1963-10-11,57,F,서울시 도봉구 도봉2동,2,659390
김철복,1970-12-18,70,M,서울시 용산구 한남동,17,259902678
장일본,1995-10-09,38,F,서울시 은평구 응암3동,20,718045
박웅죽,1961-06-27,50,F,서울시 중랑구 신내1동,17,481722
양사을,1992-02-20,43,F,서울시 강서구 가양1동,7,268354
김삼락,1963-04-14,25,F,서울시 관악구 행운동,8,3146111
이랑부,1965-06-11,67,F,서울시 은평구 응암1동,11,8189492
최추황,1960-01-01,20,F,서울시 성북구 종암동,7,1937677
백막섭,1969-01-24,63,M,서울시 마포구 서교동,13,159017
이록니,1965-02-08,35,M,서울시 서초구 방배1동,6,678544
김좌발,1959-04-05,37,M,서울시 양천구 신월1동,8,232612
이맹명,1989-01-08,26,F,서울시 중랑구 묵2동,5,864990
김왕천,1955-03-04,56,M,서울시 중랑구 신내2동,8,28222
심의순,1982-05-23,51,M,서울시 동대문구 용신동,13,749926
염익충,1968-05-12,47,F,서울시 강동구 명일2동,3,6012616
김육휴,1960-07-19,67,M,서울시 은평구 신사1동,4,422201
정슬령,1977-03-12,47,M,서울시 광진구 화양동,13,8591724
김숭분,1980-06-12,47,F,서울시 성북구 장위2동,7,579364
김쾌천,1990-10-24,55,M,서울시 구로구 고척2동,9,822562
심의순,1973-12-27,51,M,서울시 관악구 서원동,12,6378420
이문별,1997-08-16,64,F,서울시 서초구 방배2동,12,598293
전준좌,1978-06-26,42,F,서울시 서초구 반포본동,15,5237294
정말향,1974-10-10,42,F,서울시 강남구 논현2동,8,921528
이경율,1961-04-15,46,F,서울시 도봉구 창2동,3,834600
변어직,1949-03-11,52,F,서울시 광진구 자양4동,6,11921234
이곤계,1996-12-07,57,F,서울시 강서구 화곡본동,17,3463291
김장민,1973-05-22,22,F,서울시 관악구 중앙동,3,136204
김솔제,1989-01-08,28,F,서울시 성동구 성수2가3동,7,976623
김춘붕,1987-03-11,52,F,서울시 양천구 신정7동,7,125104
오활출,1984-09-10,23,F,서울시 동대문구 청량리동,14,406997
김쾌천,1970-01-14,49,M,서울시 양천구 목5동,6,8660337
오서지,1975-02-14,49,F,서울시 성북구 월곡2동,7,268354
김법섭,1993-03-08,56,M,서울시 성북구 돈암1동,14,209568
이진래,1965-09-02,54,F,서울시 은평구 녹번동,19,690985
전새휴,1967-10-25,47,M,서울시 금천구 당산2동,11,8591724
김야돈,1985-01-03,49,M,서울시 광진구 중곡2동,8,833592
장붕록,1995-07-09,49,M,서울시 송파구 풍납1동,8,1837866
우웅모,1995-07-14,69,F,서울시 성동구 옥수동,10,1562918
이서원,1967-10-25,35,M,서울시 송파구 잠실4동,6,13112688
이애두,1970-12-05,42,F,서울시 강동구 둔촌2동,15,5237294
윤유집,1963-10-02,47,F,서울시 성북구 장위2동,3,6012616
이나백,1974-10-10,53,F,서울시 강북구 수유1동,2,14898788
이효영,1981-10-16,57,M,서울시 송파구 삼전동,16,26844
이보곤,1985-08-28,58,F,서울시 서대문구 남가좌1동,15,167951
임관모,1989-01-08,70,F,서울시 서초구 잠원동,8,210113
김환황,1969-01-24,44,M,서울시 강동구 길동,15,3701694
이필황,1966-09-14,52,F,서울시 서초구 방배3동,9,29180982
허회준,1981-05-13,52,F,서울시 관악구 청림동,13,449695
남타목,1965-12-23,49,F,서울시 송파구 가락2동,20,467313
정육륜,1970-12-05,42,M,서울시 양천구 신정3동,19,825714
지설원,1958-12-24,36,F,서울시 강남구 세곡동,5,3108148
김궁님,1965-02-08,53,F,서울시 강동구 성내1동,9,921442
박백무,1951-03-22,30,F,서울시 관악구 대학동,17,6722935
한천응,1962-10-17,45,M,서울시 은평구 응암3동,14,4614120
이보종,1979-04-08,45,M,서울시 서초구 잠원동,11,782187
김서소,1949-06-21,29,F,서울시 강북구 번3동,2,830306
박담숙,1953-07-06,51,M,서울시 관악구 서원동,24,347499
이여님,1967-08-11,60,M,서울시 은평구 증산동,6,3885329
김나공,1956-06-22,23,F,서울시 광진구 광장동,14,119959
윤태애,1996-05-23,57,F,서울시 서초구 방배3동,12,209568
이존다,1967-10-25,25,M,서울시 은평구 불광1동,19,309961
김인휘,1951-08-02,39,M,서울시 종로구 창신3동,15,632148077
이랑덕,1977-10-22,49,F,서울시 양천구 목2동,20,467313
김비작,1987-03-11,68,F,서울시 관악구 신원동,14,5118899
성라웅,1990-07-28,45,M,서울시 구로구 구로4동,14,3916040
양갈길,1986-08-20,62,M,서울시 중랑구 면목7동,4,9983188
김직익,1995-07-09,38,M,서울시 동대문구 장안1동,19,904666
김충필,1965-09-18,45,M,서울시 구로구 구로1동,19,617293
오해민,1997-01-16,39,F,서울시 중구 장충동,3,388030
김민예,1983-04-05,45,M,서울시 은평구 구산동,6,3043939
임야란,1996-09-07,56,M,서울시 금천구 당산2동,11,848681
유갑업,1974-03-29,50,F,서울시 노원구 하계1동,6,9253175
이능이,1950-05-08,26,F,서울시 동대문구 청량리동,4,2950074
김탁보,1980-12-05,46,M,서울시 중랑구 상봉2동,16,775131
장로언,1971-10-06,28,M,서울시 강남구 개포4동,8,903951
박둘별,1992-04-17,42,F,서울시 중랑구 면목5동,8,26620
손흔사,1956-07-18,36,F,서울시 동작구 대방동,17,13236490
박백무,1984-08-28,46,M,서울시 송파구 장지동,11,973030
박수낭,1988-08-12,23,F,서울시 광진구 광장동,14,294685
양리장,1989-09-15,54,M,서울시 금천구 시흥1동,3,46581
김극학,1998-05-15,61,F,서울시 강남구 개포2동,9,875126
지설원,1998-06-10,48,F,서울시 성동구 왕십리2동,14,987879
김배위,1996-11-28,64,M,서울시 광진구 자양3동,15,297012
정무언,1999-11-11,50,F,서울시 서초구 반포본동,15,20437348
이번빈,1949-06-21,58,F,서울시 용산구 서빙고동,13,159017
박동추,1964-08-10,23,M,서울시 용산구 한강로동,11,318644
이기랑,1957-08-02,45,F,서울시 금천구 시흥2동,22,391019
안필박,1953-03-04,60,M,서울시 강서구 우장산동,13,309864936
박화철,1960-02-05,58,M,서울시 구로구 개봉2동,5,804564
박환용,1979-01-24,43,M,서울시 송파구 거여1동,19,197868
이임애,1976-09-04,61,F,서울시 강남구 개포2동,3,1213533
류재극,1974-11-09,53,F,서울시 강동구 성내1동,9,16127125
이장근,1984-10-05,32,F,서울시 노원구 상계2동,13,850764
정광율,1966-02-24,52,F,서울시 광진구 자양4동,10,5546286
장열옥,1990-06-04,57,F,서울시 강서구 화곡본동,12,907306
이담택,1960-09-11,58,M,서울시 강남구 신사동,12,309864936
이감문,1951-08-02,33,M,서울시 광진구 구의3동,3,9130725
고번모,1964-03-19,51,M,서울시 은평구 응암2동,24,347499
박면우,1980-08-15,62,F,서울시 강남구 일원1동,8,206500
김갈몽,1962-09-06,23,M,서울시 용산구 한강로동,11,28534782
양리장,1979-04-13,45,M,서울시 구로구 구로4동,9,3763050
최월군,1978-06-26,65,M,서울시 광진구 자양3동,4,661805
서마별,1986-05-30,52,F,서울시 마포구 염리동,9,5546286
김숭분,1980-06-08,24,F,서울시 강남구 대치4동,16,59693
장욱견,1998-06-10,55,M,서울시 강동구 강일동,8,925875
김칠년,1999-11-11,43,M,서울시 금천구 시흥2동,19,481722
한낙창,1967-05-25,28,F,서울시 구로구 수궁동,12,1248797
김오용,1965-12-23,62,M,서울시 은평구 신사1동,7,3885329
남손학,1972-11-30,48,F,서울시 서초구 반포4동,8,955143
지설원,1975-09-30,39,F,서울시 동대문구 장안1동,8,9109251
여요롬,1949-08-06,54,F,서울시 은평구 녹번동,15,352034
이희오,1965-02-08,53,F,서울시 양천구 신월1동,6,6189128
배량선,1976-07-27,47,M,서울시 광진구 화양동,5,263767
박차제,1981-05-13,66,F,서울시 강동구 둔촌2동,11,62972422
양리장,1973-02-24,22,M,서울시 서초구 잠원동,5,136204
용복실,1964-04-06,53,M,서울시 서대문구 북아현동,12,947226
서원명,1967-08-11,39,F,서울시 동대문구 장안1동,17,25083
윤민자,1958-09-26,57,M,서울시 서대문구 홍은2동,9,822562
신복녀,1955-06-04,29,M,서울시 서대문구 홍3동,9,21364304
조왕량,1967-11-13,27,M,서울시 강남구 개포4동,12,2104425
윤회작,1990-07-28,36,M,서울시 강북구 삼양동,12,528535
김낭돈,1948-03-01,30,F,서울시 관악구 대학동,17,6722935
고채림,1974-02-04,23,M,서울시 강동구 천호2동,19,233148
김천균,1975-12-12,66,F,서울시 성북구 월곡2동,17,3703071
정무언,1995-03-07,64,M,서울시 강남구 도곡1동,15,297012
이장근,1972-05-22,57,M,서울시 서대문구 홍은2동,11,7081673
장도육,1961-07-08,58,F,서울시 양천구 신정1동,13,492292229
박휴장,1976-06-11,46,M,서울시 송파구 장지동,14,3916040
전준좌,1992-11-03,68,M,서울시 강동구 명일1동,14,9335927
김배위,1954-08-28,51,M,서울시 동대문구 용신동,6,9253175
김샛샘,1951-03-22,25,F,서울시 중구 약수동,6,247742
김납용,1992-02-20,40,F,서울시 서대문구 신촌동,5,594229
박수낭,1966-09-14,42,F,서울시 강남구 역삼2동,5,6283253
정금양,1961-06-27,39,F,서울시 광진구 중곡3동,8,4180972
심의순,1963-10-11,37,M,서울시 양천구 신월1동,13,542823
정온국,1962-04-18,44,M,서울시 마포구 공덕동,14,973030
장미금,1980-04-28,63,M,서울시 강서구 공항동,7,4130536
이루휴,1977-11-08,26,F,서울시 중랑구 묵2동,16,28748062
정온국,1992-06-13,61,M,서울시 은평구 증산동,19,178026
최귀담,1975-08-31,71,F,서울시 성북구 돈암2동,8,4709410
최득승,1981-05-13,70,F,서울시 은평구 증산동,17,259902678
이나백,1948-03-01,24,M,서울시 동작구 대방동,15,6512717
김인휘,1984-08-28,69,M,서울시 은평구 증산동,5,274489
이라정,1992-09-12,27,F,서울시 동대문구 전농1동,11,307365
김궁하,1974-12-09,27,F,서울시 용산구 한남동,11,543933
서원명,1988-05-31,36,M,서울시 송파구 잠실본동,15,776140
김궁님,1963-12-12,71,F,서울시 송파구 가락본동,8,4709410
성근현,1989-07-23,56,M,서울시 성북구 돈암1동,14,29146508
김백렬,1973-12-27,70,M,서울시 용산구 한남동,2,441424
이개래,1962-04-18,68,M,서울시 관악구 신원동,11,6815864
양방로,1985-09-01,67,F,서울시 강북구 수유3동,3,617747
김달항,1979-10-19,66,F,서울시 중랑구 묵2동,17,3703071
김좌염,1984-09-10,54,F,서울시 은평구 녹번동,2,14898788
김성염,1971-03-25,36,F,서울시 동작구 대방동,14,799413
구어능,1970-01-08,36,F,서울시 송파구 거여2동,8,232612
유빈려,1949-07-07,62,F,서울시 강서구 화곡1동,8,3885329
신열겸,1973-02-12,60,F,서울시 성북구 삼선동,17,24815465
김리소,1976-08-03,23,F,서울시 서대문구 북가좌2동,6,573401241
김득훈,1975-09-08,52,F,서울시 동작구 대방동,1,478842
임황법,1996-11-28,47,F,서울시 성동구 옥수동,3,834600
이진돈,1991-07-02,62,F,서울시 은평구 수색동,8,129646
